ID,name
1,OLIVIA
2,RUBY
3,EMILY
4,GRACE
5,JESSICA
6,CHLOE
7,SOPHIE
8,LILY
9,AMELIA
10,EVIE
11,MIA
12,ELLA
13,CHARLOTTE
14,LUCY
15,MEGAN
16,ELLIE
17,ISABELLE
18,ISABELLA
19,HANNAH
20,KATIE
21,AVA
22,HOLLY
23,SUMMER
24,MILLIE
25,DAISY
26,PHOEBE
27,FREYA
28,ABIGAIL
29,POPPY
30,ERIN
31,EMMA
32,MOLLY
33,IMOGEN
34,AMY
35,JASMINE
36,ISLA
37,SCARLETT
38,LEAH
39,SOPHIA
40,ELIZABETH
41,EVA
42,BROOKE
43,MATILDA
44,CAITLIN
45,KEIRA
46,ALICE
47,LOLA
48,LILLY
49,AMBER
50,ISABEL
51,LAUREN
52,GEORGIA
53,GRACIE
54,ELEANOR
55,BETHANY
56,MADISON
57,AMELIE
58,ISOBEL
58,PAIGE
60,LACEY
61,SIENNA
62,LIBBY
63,MAISIE
64,ANNA
65,REBECCA
66,ROSIE
67,TIA
68,LAYLA
69,MAYA
70,NIAMH
71,ZARA
72,SARAH
73,LEXI
74,MADDISON
75,ALISHA
76,SOFIA
77,SKYE
78,NICOLE
79,LEXIE
80,FAITH
81,MARTHA
82,HARRIET
83,ZOE
84,EVE
85,JULIA
86,AIMEE
87,HOLLIE
88,LYDIA
89,EVELYN
90,ALEXANDRA
91,MARIA
92,FRANCESCA
93,TILLY
94,FLORENCE
95,ALICIA
96,ABBIE
97,EMILIA
98,COURTNEY
99,MARYAM
100,ESME
101,JACK
102,OLIVER
103,THOMAS
104,HARRY
105,JOSHUA
106,ALFIE
107,CHARLIE
108,DANIEL
109,JAMES
110,WILLIAM
111,SAMUEL
112,GEORGE
113,JOSEPH
114,LEWIS
115,ETHAN
116,MOHAMMED
117,DYLAN
118,BENJAMIN
119,ALEXANDER
120,JACOB
121,RYAN
122,LIAM
123,JAKE
124,MAX
125,LUKE
126,TYLER
127,CALLUM
128,MATTHEW
129,JAYDEN
130,OSCAR
131,ARCHIE
132,ADAM
133,RILEY
134,HARVEY
135,HARRISON
136,LUCAS
137,MUHAMMAD
138,HENRY
139,ISAAC
140,LEO
141,CONNOR
142,EDWARD
143,FINLEY
144,LOGAN
145,NOAH
146,CAMERON
147,ALEX
148,OWEN
149,RHYS
150,NATHAN
151,JAMIE
152,MICHAEL
153,MASON
154,TOBY
155,AARON
156,CHARLES
157,BEN
158,THEO
159,LOUIS
160,FREDDIE
161,FINLAY
162,LEON
163,HARLEY
164,DAVID
165,MOHAMMAD
166,REECE
167,KIAN
168,KAI
169,KYLE
170,BRANDON
171,HAYDEN
172,ZACHARY
173,KIERAN
174,LUCA
175,ASHTON
176,BAILEY
177,SEBASTIAN
178,GABRIEL
179,SAM
180,EVAN
181,BRADLEY
182,ELLIOT
183,JOHN
184,TAYLOR
185,JOE
186,COREY
187,REUBEN
188,JOEL
189,ROBERT
190,ELLIS
191,BLAKE
192,AIDAN
193,LOUIE
194,CHRISTOPHER
195,EWAN
196,JAY
197,MORGAN
198,BILLY
199,SEAN
200,ZAK
